Workbook

Sheet RAW Data 
A1: SBI Contra Fund | E1: Invesco India Contra Fund | I1: Kotak Contra Fund | M1: Nifty 50
A2: Date | B2: Price | C2: Change | E2: Date | F2: Price | G2: Change | I2: Date | J2: Price | K2: Change | M2: Date | N2: Price | O2: Change
A3: 46023 | B3: 437.108 | C3: =(B3/B4)-1 -> -0.00033390203 | E3: 46023 | F3: 163.59 | G3: =(F3/F4)-1 -> 0.0047908605 | I3: 46023 | J3: 186.863 | K3: =(J3/J4)-1 -> 0.0038302444 | M3: 46023 | N3: 26146.55 | O3: =(N3/N4)-1 -> 0.00064868961
A4: 46022 | B4: 437.254 | C4: =(B4/B5)-1 -> 0.0081388164 | E4: 46022 | F4: 162.81 | G4: =(F4/F5)-1 -> 0.0092988655 | I4: 46022 | J4: 186.15 | K4: =(J4/J5)-1 -> 0.0082818314 | M4: 46022 | N4: 26129.6 | O4: =(N4/N5)-1 -> 0.0073538341
A5: 46021 | B5: 433.724 | C5: =(B5/B6)-1 -> 0.0011772473 | E5: 46021 | F5: 161.31 | G5: =(F5/F6)-1 -> -0.00055762082 | I5: 46021 | J5: 184.621 | K5: =(J5/J6)-1 -> 0.0009650678 | M5: 46021 | N5: 25938.85 | O5: =(N5/N6)-1 -> -0.00012527899
A6: 46020 | B6: 433.214 | C6: =(B6/B7)-1 -> -0.003019382 | E6: 46020 | F6: 161.4 | G6: =(F6/F7)-1 -> -0.0042568943 | I6: 46020 | J6: 184.443 | K6: =(J6/J7)-1 -> -0.0030862529 | M6: 46020 | N6: 25942.1 | O6: =(N6/N7)-1 -> -0.0038475864
A7: 46017 | B7: 434.526 | C7: =(B7/B8)-1 -> -0.0017001098 | E7: 46017 | F7: 162.09 | G7: =(F7/F8)-1 -> -0.0043611794 | I7: 46017 | J7: 185.014 | K7: =(J7/J8)-1 -> -0.0043428891 | M7: 46017 | N7: 26042.3 | O7: =(N7/N8)-1 -> -0.0038175969
A8: 46015 | B8: 435.266 | C8: =(B8/B9)-1 -> -0.0026305297 | E8: 46015 | F8: 162.8 | G8: =(F8/F9)-1 -> -0.0020229265 | I8: 46015 | J8: 185.821 | K8: =(J8/J9)-1 -> -0.00020445607 | M8: 46015 | N8: 26142.1 | O8: =(N8/N9)-1 -> -0.001338954
A9: 46014 | B9: 436.414 | C9: =(B9/B10)-1 -> 0.0015674809 | E9: 46014 | F9: 163.13 | G9: =(F9/F10)-1 -> -0.00036766959 | I9: 46014 | J9: 185.859 | K9: =(J9/J10)-1 -> 0.0019299087 | M9: 46014 | N9: 26177.15 | O9: =(N9/N10)-1 -> 0.0001814889
A10: 46013 | B10: 435.731 | C10: =(B10/B11)-1 -> 0.0069862355 | E10: 46013 | F10: 163.19 | G10: =(F10/F11)-1 -> 0.0077189082 | I10: 46013 | J10: 185.501 | K10: =(J10/J11)-1 -> 0.0082233624 | M10: 46013 | N10: 26172.4 | O10: =(N10/N11)-1 -> 0.0079333292
A11: 46010 | B11: 432.708 | C11: =(B11/B12)-1 -> 0.0072088471 | E11: 46010 | F11: 161.94 | G11: =(F11/F12)-1 -> 0.0092863821 | I11: 46010 | J11: 183.988 | K11: =(J11/J12)-1 -> 0.0095141945 | M11: 46010 | N11: 25966.4 | O11: =(N11/N12)-1 -> 0.0058433773
A12: 46009 | B12: 429.611 | C12: =(B12/B13)-1 -> -0.00019781427 | E12: 46009 | F12: 160.45 | G12: =(F12/F13)-1 -> 0.0006236358 | I12: 46009 | J12: 182.254 | K12: =(J12/J13)-1 -> 0.0011700661 | M12: 46009 | N12: 25815.55 | O12: =(N12/N13)-1 -> -0.00011619553
A13: 46008 | B13: 429.696 | C13: =(B13/B14)-1 -> -0.0017980347 | E13: 46008 | F13: 160.35 | G13: =(F13/F14)-1 -> -0.0045319096 | I13: 46008 | J13: 182.041 | K13: =(J13/J14)-1 -> -0.0033015046 | M13: 46008 | N13: 25818.55 | O13: =(N13/N14)-1 -> -0.0016067223
A14: 46007 | B14: 430.47 | C14: =(B14/B15)-1 -> -0.0061046283 | E14: 46007 | F14: 161.08 | G14: =(F14/F15)-1 -> -0.0077003635 | I14: 46007 | J14: 182.644 | K14: =(J14/J15)-1 -> -0.0066137278 | M14: 46007 | N14: 25860.1 | O14: =(N14/N15)-1 -> -0.006424024
... A1228: 44200 | B1228: 150.369 | C1228: =(B1228/B1229)-1 -> 0.00063883732 | E1228: 44200 | F1228: 69.78 | G1228: =(F1228/F1229)-1 -> 0.0070717275 | I1228: 44200 | J1228: 71.892 | K1228: =(J1228/J1229)-1 -> 0.0060734977 | M1228: 44200 | N1228: 14018.5 | O1228: =(N1228/N1229)-1 -> 0
A1229: 44197 | B1229: 150.273 | E1229: 44197 | F1229: 69.29 | I1229: 44197 | J1229: 71.458 | M1229: 44197 | N1229: 14018.5

Sheet Calcualtions
A1: Calculation of Mutual Fund Schemes
A2: Nifty 50 | D2: SBI Contra Fund | G2: Invesco India Contra Fund | J2: Kotak Contra Fund
A5: Time | B5: =YEARFRAC('RAW Data '!M1229,'RAW Data '!M3,1) -> 5.0004564 | D5: Time | E5: =YEARFRAC('RAW Data '!A1229,'RAW Data '!A3,1) -> 5.0004564 | G5: Time | H5: =YEARFRAC('RAW Data '!E1229,'RAW Data '!E3,1) -> 5.0004564 | J5: Time | K5: =YEARFRAC('RAW Data '!I1229,'RAW Data '!I3,1) -> 5.0004564
A6: Annualised Return | B6: =RATE(B5,0,-'RAW Data '!B1229,'RAW Data '!B3,0) -> 0.23803549 | D6: Annualised Return | E6: =RATE(E5,0,-'RAW Data '!B1229,'RAW Data '!B3,0) -> 0.23803549 | G6: Annualised Return | H6: =RATE(H5,0,-'RAW Data '!F1229,'RAW Data '!F3,0) -> 0.18743659 | J6: Annualised Return | K6: =RATE(K5,0,-'RAW Data '!J1229,'RAW Data '!J3,0) -> 0.21195605
D7: Beta | E7: =SLOPE('RAW Data '!C3:C1228,'RAW Data '!O3:O1228) -> -0.027429059 | G7: Beta | H7: =SLOPE('RAW Data '!G3:G1228,'RAW Data '!O3:O1228) -> 0.082733404 | J7: Beta | K7: =SLOPE('RAW Data '!K3:K1228,'RAW Data '!O3:O1228) -> 0.040705712
D8: Risk Free Rate | E8: 0.0698 | G8: Risk Free Rate | H8: 0.0698 | J8: Risk Free Rate | K8: 0.0698
D9: Expected Return | E9: =E8+E7*(B6-E8) -> 0.065185459 | G9: Expected Return | H9: =H8+H7*(B6-H8) -> 0.083718695 | J9: Expected Return | K9: =K8+K7*(B6-K8) -> 0.076648145
D11: Risk | E11: =_xlfn.STDEV.P('RAW Data '!C3:C1228,SQRT(252)) -> 0.45305029 | G11: Risk | H11: =_xlfn.STDEV.P('RAW Data '!G3:G1228,SQRT(252)) -> 0.45307274 | J11: Risk | K11: =_xlfn.STDEV.P('RAW Data '!K3:K1228,SQRT(252)) -> 0.45306877
D12: Jensen Alpha | E12: =E6-E9 -> 0.17285003 | G12: Jensen Alpha | H12: =B6-H9 -> 0.1543168 | J12: Jensen Alpha | K12: =B6-K9 -> 0.16138735
D13: Sharpe Ratio | E13: =(E6-E8)/E11 -> 0.37133955 | G13: Sharpe Ratio | H13: =(H6-H8)/H11 -> 0.25964173 | J13: Sharpe Ratio | K13: =(K6-K8)/K11 -> 0.31376263
D14: Treynor Ratio | E14: =(E6-E8)/E7 -> -6.1334765 | G14: Treynor Ratio | H14: =(H6-H9)/H7 -> 1.2536399 | J14: Treynor Ratio | K14: =(K6-K8)/K7 -> 3.4922875

Sheet Comparative Summary
A1: Comparative Analysis of Mutual Fund Schemes
A2: Category: Contra Funds | Benchmark: Nifty 50 | Period: 5 Years | Risk-Free Rate: 6.98%
A4: Parameter | B4: SBI Contra Fund | C4: Invesco India Contra Fund | D4: Kotak Contra Fund
A5: Annualised Return | B5: =Calcualtions!E6 -> 0.23803549 | C5: =Calcualtions!H6 -> 0.18743659 | D5: =Calcualtions!K6 -> 0.21195605
A6: Risk (Std. Dev., Annualised) | B6: =Calcualtions!E11 -> 0.45305029 | C6: =Calcualtions!H11 -> 0.45307274 | D6: =Calcualtions!K11 -> 0.45306877
A7: Beta | B7: =Calcualtions!E7 -> -0.027429059 | C7: =Calcualtions!H7 -> 0.082733404 | D7: =Calcualtions!K7 -> 0.040705712
A8: Expected Return (CAPM) | B8: =Calcualtions!E9 -> 0.065185459 | C8: =Calcualtions!H9 -> 0.083718695 | D8: =Calcualtions!K9 -> 0.076648145
A9: Jensen's Alpha | B9: =Calcualtions!E12 -> 0.17285003 | C9: =Calcualtions!H12 -> 0.1543168 | D9: =Calcualtions!K12 -> 0.16138735
A10: Sharpe Ratio | B10: =Calcualtions!E13 -> 0.37133955 | C10: =Calcualtions!H13 -> 0.25964173 | D10: =Calcualtions!K13 -> 0.31376263
A11: Treynor Ratio | B11: =Calcualtions!E14 -> -6.1334765 | C11: =Calcualtions!H14 -> 1.2536399 | D11: =Calcualtions!K14 -> 3.4922875
A13: Best Performing Scheme (by Sharpe Ratio) | B13: =INDEX(B4:D4,MATCH(MAX(B10:D10),B10:D10,0)) -> SBI Contra Fund
